1|Meaning Of 1
2|Meaning Of 2
3|Meaning Of 3
4|Meaning Of 4
5|Meaning Of 5
6|Meaning Of 6
7|Meaning Of 7
8|Meaning Of 8
9|Meaning Of 9
10|Meaning Of 10
11|Meaning Of 11
12|Meaning Of 12
13|Meaning Of 13
14|Meaning Of 14
15|Meaning Of 15
16|Meaning Of 16
17|Meaning Of 17
18|Meaning Of 18
19|Meaning Of 19
20|Meaning Of 20
21|Meaning Of 21
22|Meaning Of 22
23|Meaning Of 23
24|Meaning Of 24
25|Meaning Of 25
26|Meaning Of 26
27|Meaning Of 27
28|Meaning Of 28
29|Meaning Of 29
30|Meaning Of 30
31|Meaning Of 31
32|Meaning Of 32
33|Meaning Of 33
34|Meaning Of 34
35|Meaning Of 35
36|Meaning Of 36
37|Meaning Of 37
38|Meaning Of 38
39|Meaning Of 39
40|Meaning Of 40
41|Meaning Of 41
42|Meaning Of 42
43|Meaning Of 43
44|Meaning Of 44
45|Meaning Of 45
46|Meaning Of 46
47|Meaning Of 47
48|Meaning Of 48
49|Meaning Of 49
50|Meaning Of 50
51|Meaning Of 51
52|Meaning Of 52
53|Meaning Of 53
54|Meaning Of 54
55|Meaning Of 55
56|Meaning Of 56
57|Meaning Of 57
58|Meaning Of 58
59|Meaning Of 59
60|Meaning Of 60
61|Meaning Of 61
62|Meaning Of 62
63|Meaning Of 63
64|Meaning Of 64
65|Meaning Of 65
66|Meaning Of 66
67|Meaning Of 67
68|Meaning Of 68
69|Meaning Of 69
70|Meaning Of 70
71|Meaning Of 71
72|Meaning Of 72
73|Meaning Of 73
74|Meaning Of 74
75|Meaning Of 75
76|Meaning Of 76
77|Meaning Of 77
78|Meaning Of 78
79|Meaning Of 79
80|Meaning Of 80
81|Meaning Of 81
82|Meaning Of 82
83|Meaning Of 83
84|Meaning Of 84
85|Meaning Of 85
86|Meaning Of 86
87|Meaning Of 87
88|Meaning Of 88
89|Meaning Of 89
90|Meaning Of 90
91|Meaning Of 91
92|Meaning Of 92
93|Meaning Of 93
94|Meaning Of 94
95|Meaning Of 95
96|Meaning Of 96
97|Meaning Of 97
98|Meaning Of 98
99|Meaning Of 99
100|Meaning Of 100
101|Meaning Of 101
102|Meaning Of 102
103|Meaning Of 103
104|Meaning Of 104
105|Meaning Of 105
106|Meaning Of 106
107|Meaning Of 107
108|Meaning Of 108
109|Meaning Of 109
110|Meaning Of 110
111|Meaning Of 111
112|Meaning Of 112
113|Meaning Of 113
114|Meaning Of 114
115|Meaning Of 115
116|Meaning Of 116
117|Meaning Of 117
118|Meaning Of 118
119|Meaning Of 119
120|Meaning Of 120
121|Meaning Of 121
122|Meaning Of 122
123|Meaning Of 123
124|Meaning Of 124
125|Meaning Of 125
126|Meaning Of 126
127|Meaning Of 127
128|Meaning Of 128
129|Meaning Of 129
130|Meaning Of 130
131|Meaning Of 131
132|Meaning Of 132
133|Meaning Of 133
134|Meaning Of 134
135|Meaning Of 135
136|Meaning Of 136
137|Meaning Of 137
138|Meaning Of 138
139|Meaning Of 139
140|Meaning Of 140
141|Meaning Of 141
142|Meaning Of 142
143|Meaning Of 143
144|Meaning Of 144
145|Meaning Of 145
146|Meaning Of 146
147|Meaning Of 147
148|Meaning Of 148
149|Meaning Of 149
150|Meaning Of 150
151|Meaning Of 151
152|Meaning Of 152
153|Meaning Of 153
154|Meaning Of 154
155|Meaning Of 155
156|Meaning Of 156
157|Meaning Of 157
158|Meaning Of 158
159|Meaning Of 159
160|Meaning Of 160
161|Meaning Of 161
162|Meaning Of 162
163|Meaning Of 163
164|Meaning Of 164
165|Meaning Of 165
166|Meaning Of 166
167|Meaning Of 167
168|Meaning Of 168
169|Meaning Of 169
170|Meaning Of 170
171|Meaning Of 171
172|Meaning Of 172
173|Meaning Of 173
174|Meaning Of 174
175|Meaning Of 175
176|Meaning Of 176
177|Meaning Of 177
178|Meaning Of 178
179|Meaning Of 179
180|Meaning Of 180
181|Meaning Of 181
182|Meaning Of 182
183|Meaning Of 183
184|Meaning Of 184
185|Meaning Of 185
186|Meaning Of 186
187|Meaning Of 187
188|Meaning Of 188
189|Meaning Of 189
190|Meaning Of 190
191|Meaning Of 191
192|Meaning Of 192
193|Meaning Of 193
194|Meaning Of 194
195|Meaning Of 195
196|Meaning Of 196
197|Meaning Of 197
198|Meaning Of 198
199|Meaning Of 199
200|Meaning Of 200
201|Meaning Of 201
202|Meaning Of 202
203|Meaning Of 203
204|Meaning Of 204
205|Meaning Of 205
206|Meaning Of 206
207|Meaning Of 207
208|Meaning Of 208
209|Meaning Of 209
210|Meaning Of 210
211|Meaning Of 211
212|Meaning Of 212
213|Meaning Of 213
214|Meaning Of 214
215|Meaning Of 215
216|Meaning Of 216
217|Meaning Of 217
218|Meaning Of 218
219|Meaning Of 219
220|Meaning Of 220
221|Meaning Of 221
222|Meaning Of 222
223|Meaning Of 223
224|Meaning Of 224
225|Meaning Of 225
226|Meaning Of 226
227|Meaning Of 227
228|Meaning Of 228
229|Meaning Of 229
230|Meaning Of 230
231|Meaning Of 231
232|Meaning Of 232
233|Meaning Of 233
234|Meaning Of 234
235|Meaning Of 235
236|Meaning Of 236
237|Meaning Of 237
238|Meaning Of 238
239|Meaning Of 239
240|Meaning Of 240
241|Meaning Of 241
242|Meaning Of 242
243|Meaning Of 243
244|Meaning Of 244
245|Meaning Of 245
246|Meaning Of 246
247|Meaning Of 247
248|Meaning Of 248
249|Meaning Of 249
250|Meaning Of 250
251|Meaning Of 251
252|Meaning Of 252
253|Meaning Of 253
254|Meaning Of 254
255|Meaning Of 255
256|Meaning Of 256
257|Meaning Of 257
258|Meaning Of 258
259|Meaning Of 259
260|Meaning Of 260
261|Meaning Of 261
262|Meaning Of 262
263|Meaning Of 263
264|Meaning Of 264
265|Meaning Of 265
266|Meaning Of 266
267|Meaning Of 267
268|Meaning Of 268
269|Meaning Of 269
270|Meaning Of 270
271|Meaning Of 271
272|Meaning Of 272
273|Meaning Of 273
274|Meaning Of 274
275|Meaning Of 275
276|Meaning Of 276
277|Meaning Of 277
278|Meaning Of 278
279|Meaning Of 279
280|Meaning Of 280
281|Meaning Of 281
282|Meaning Of 282
283|Meaning Of 283
284|Meaning Of 284
285|Meaning Of 285
286|Meaning Of 286
287|Meaning Of 287
288|Meaning Of 288
289|Meaning Of 289
290|Meaning Of 290
291|Meaning Of 291
292|Meaning Of 292
293|Meaning Of 293
294|Meaning Of 294
295|Meaning Of 295
296|Meaning Of 296
297|Meaning Of 297
298|Meaning Of 298
299|Meaning Of 299
300|Meaning Of 300
301|Meaning Of 301
302|Meaning Of 302
303|Meaning Of 303
304|Meaning Of 304
305|Meaning Of 305
306|Meaning Of 306
307|Meaning Of 307
308|Meaning Of 308
309|Meaning Of 309
310|Meaning Of 310
311|Meaning Of 311
312|Meaning Of 312
313|Meaning Of 313
314|Meaning Of 314
315|Meaning Of 315
316|Meaning Of 316
317|Meaning Of 317
318|Meaning Of 318
319|Meaning Of 319
320|Meaning Of 320
321|Meaning Of 321
322|Meaning Of 322
323|Meaning Of 323
324|Meaning Of 324
325|Meaning Of 325
326|Meaning Of 326
327|Meaning Of 327
328|Meaning Of 328
329|Meaning Of 329
330|Meaning Of 330
331|Meaning Of 331
332|Meaning Of 332
333|Meaning Of 333
334|Meaning Of 334
335|Meaning Of 335
336|Meaning Of 336
337|Meaning Of 337
338|Meaning Of 338
339|Meaning Of 339
340|Meaning Of 340
341|Meaning Of 341
342|Meaning Of 342
343|Meaning Of 343
344|Meaning Of 344
345|Meaning Of 345
346|Meaning Of 346
347|Meaning Of 347
348|Meaning Of 348
349|Meaning Of 349
350|Meaning Of 350
351|Meaning Of 351
352|Meaning Of 352
353|Meaning Of 353
354|Meaning Of 354
355|Meaning Of 355
356|Meaning Of 356
357|Meaning Of 357
358|Meaning Of 358
359|Meaning Of 359
360|Meaning Of 360
361|Meaning Of 361
362|Meaning Of 362
363|Meaning Of 363
364|Meaning Of 364
365|Meaning Of 365
366|Meaning Of 366
367|Meaning Of 367
368|Meaning Of 368
369|Meaning Of 369
370|Meaning Of 370
371|Meaning Of 371
372|Meaning Of 372
373|Meaning Of 373
374|Meaning Of 374
375|Meaning Of 375
376|Meaning Of 376
377|Meaning Of 377
378|Meaning Of 378
379|Meaning Of 379
380|Meaning Of 380
381|Meaning Of 381
382|Meaning Of 382
383|Meaning Of 383
384|Meaning Of 384
385|Meaning Of 385
386|Meaning Of 386
387|Meaning Of 387
388|Meaning Of 388
389|Meaning Of 389
390|Meaning Of 390
391|Meaning Of 391
392|Meaning Of 392
393|Meaning Of 393
394|Meaning Of 394
395|Meaning Of 395
396|Meaning Of 396
397|Meaning Of 397
398|Meaning Of 398
399|Meaning Of 399
400|Meaning Of 400
401|Meaning Of 401
402|Meaning Of 402
403|Meaning Of 403
404|Meaning Of 404
405|Meaning Of 405
406|Meaning Of 406
407|Meaning Of 407
408|Meaning Of 408
409|Meaning Of 409
410|Meaning Of 410
411|Meaning Of 411
412|Meaning Of 412
413|Meaning Of 413
414|Meaning Of 414
415|Meaning Of 415
416|Meaning Of 416
417|Meaning Of 417
418|Meaning Of 418
419|Meaning Of 419
420|Meaning Of 420
421|Meaning Of 421
422|Meaning Of 422
423|Meaning Of 423
424|Meaning Of 424
425|Meaning Of 425
426|Meaning Of 426
427|Meaning Of 427
428|Meaning Of 428
429|Meaning Of 429
430|Meaning Of 430
431|Meaning Of 431
432|Meaning Of 432
433|Meaning Of 433
434|Meaning Of 434
435|Meaning Of 435
436|Meaning Of 436
437|Meaning Of 437
438|Meaning Of 438
439|Meaning Of 439
440|Meaning Of 440
441|Meaning Of 441
442|Meaning Of 442
443|Meaning Of 443
444|Meaning Of 444
445|Meaning Of 445
446|Meaning Of 446
447|Meaning Of 447
448|Meaning Of 448
449|Meaning Of 449
450|Meaning Of 450
451|Meaning Of 451
452|Meaning Of 452
453|Meaning Of 453
454|Meaning Of 454
455|Meaning Of 455
456|Meaning Of 456
457|Meaning Of 457
458|Meaning Of 458
459|Meaning Of 459
460|Meaning Of 460
461|Meaning Of 461
462|Meaning Of 462
463|Meaning Of 463
464|Meaning Of 464
465|Meaning Of 465
466|Meaning Of 466
467|Meaning Of 467
468|Meaning Of 468
469|Meaning Of 469
470|Meaning Of 470
471|Meaning Of 471
472|Meaning Of 472
473|Meaning Of 473
474|Meaning Of 474
475|Meaning Of 475
476|Meaning Of 476
477|Meaning Of 477
478|Meaning Of 478
479|Meaning Of 479
480|Meaning Of 480
481|Meaning Of 481
482|Meaning Of 482
483|Meaning Of 483
484|Meaning Of 484
485|Meaning Of 485
486|Meaning Of 486
487|Meaning Of 487
488|Meaning Of 488
489|Meaning Of 489
490|Meaning Of 490
491|Meaning Of 491
492|Meaning Of 492
493|Meaning Of 493
494|Meaning Of 494
495|Meaning Of 495
496|Meaning Of 496
497|Meaning Of 497
498|Meaning Of 498
499|Meaning Of 499
500|Meaning Of 500
